name,code
Company1,Company1
Company2,Company2
Company3,Company3
Company4,Company4
Company5,Company5
Company6,Company6
Company7,Company7
Company8,Company8
Company9,Company9
Company10,Company10
Company11,Company11
Company12,Company12
Company13,Company13
Company14,Company14
Company15,Company15
Company16,Company16
Company17,Company17
Company18,Company18
Company19,Company19
Company20,Company20
Company21,Company21
Company22,Company22
Company23,Company23
Company24,Company24
Company25,Company25
Company26,Company26
Company27,Company27
Company28,Company28
Company29,Company29
Company30,Company30
Company31,Company31
Company32,Company32
Company33,Company33
Company34,Company34
Company35,Company35
Company36,Company36
Company37,Company37
Company38,Company38
Company39,Company39
Company40,Company40
Company41,Company41
Company42,Company42
Company43,Company43
Company44,Company44
Company45,Company45
Company46,Company46
Company47,Company47
Company48,Company48
Company49,Company49
Company50,Company50
Company51,Company51
Company52,Company52
Company53,Company53
Company54,Company54
Company55,Company55
Company56,Company56
Company57,Company57
Company58,Company58
Company59,Company59
Company60,Company60
Company61,Company61
Company62,Company62
Company63,Company63
Company64,Company64
Company65,Company65
Company66,Company66
Company67,Company67
Company68,Company68
Company69,Company69
Company70,Company70
Company71,Company71
Company72,Company72
Company73,Company73
Company74,Company74
Company75,Company75
Company76,Company76
Company77,Company77
Company78,Company78
Company79,Company79
Company80,Company80
Company81,Company81
Company82,Company82
Company83,Company83
Company84,Company84
Company85,Company85
Company86,Company86
Company87,Company87
Company88,Company88
Company89,Company89
Company90,Company90
Company91,Company91
Company92,Company92
Company93,Company93
Company94,Company94
Company95,Company95
Company96,Company96
Company97,Company97
Company98,Company98
Company99,Company99
Company100,Company100
